OID_,OBJECTID,FID,LSOA21CD,LSOA21NM,LONG,LAT,crime COUNT
451,464,31262,E01033010,Leeds 111B,-1.54188,53.7999,245
462,465,31263,E01033011,Leeds 111C,-1.53507,53.7965,160
97,99,10818,E01011369,Leeds 090E,-1.57662,53.77696,100
461,463,31261,E01033008,Leeds 111A,-1.55386,53.79961,99
449,468,31266,E01033016,Leeds 111E,-1.54418,53.79044,98
237,247,10966,E01011531,Leeds 093D,-1.5842,53.75553,89
354,368,11087,E01011661,Leeds 035D,-1.45927,53.82106,88
167,161,10880,E01011433,Leeds 053C,-1.51143,53.80912,81
254,256,10975,E01011541,Leeds 104B,-1.6015,53.74329,74
77,95,10814,E01011363,Leeds 071E,-1.56962,53.79456,73
8,18,10737,E01011281,Leeds 059A,-1.60521,53.80999,67
274,297,11016,E01011587,Leeds 062B,-1.66556,53.80291,67
469,473,31280,E01033035,Leeds 064F,-1.5246,53.80335,66
25,44,10763,E01011312,Leeds 086A,-1.54749,53.77359,57
109,101,10820,E01011371,Leeds 085B,-1.5447,53.7789,56
75,96,10815,E01011364,Leeds 085A,-1.54518,53.78377,55
84,76,10795,E01011344,Leeds 065A,-1.50746,53.80757,53
179,191,10910,E01011467,Leeds 112A,-1.53086,53.7817,53
213,212,10931,E01011491,Leeds 101A,-1.5563,53.74798,53
395,381,11100,E01011678,Leeds 063B,-1.56195,53.80134,53
473,482,33043,E01035048,Leeds 099G,-1.53171,53.74881,53
41,25,10744,E01011293,Leeds 071C,-1.58608,53.79718,52
222,208,10927,E01011484,Leeds 033A,-1.61068,53.83102,52
341,331,11050,E01011622,Leeds 072C,-1.48906,53.79735,51
31,26,10745,E01011294,Leeds 071D,-1.579,53.7947,50
64,68,10787,E01011336,Leeds 058C,-1.62761,53.80845,50
269,254,10973,E01011538,Leeds 107B,-1.5587,53.73409,50
319,321,11040,E01011611,Leeds 068D,-1.6423,53.79968,48
71,73,10792,E01011341,Leeds 061A,-1.47474,53.80309,47
98,93,10812,E01011361,Leeds 042E,-1.5312,53.81555,47
322,322,11041,E01011612,Leeds 079E,-1.66198,53.79652,47
335,335,11054,E01011626,Leeds 075D,-1.5219,53.79037,47
446,434,11153,E01011735,Leeds 078D,-1.61294,53.78538,47
82,94,10813,E01011362,Leeds 081A,-1.58095,53.78852,46
48,48,10767,E01011316,Leeds 086B,-1.55138,53.76998,44
381,379,11098,E01011673,Leeds 064B,-1.52608,53.80982,44
93,97,10816,E01011366,Leeds 082A,-1.5668,53.78294,43
120,102,10821,E01011372,Leeds 086C,-1.54781,53.77708,42
429,448,30846,E01032497,Leeds 099E,-1.542,53.75906,42
74,50,10769,E01011318,Leeds 090C,-1.58415,53.77336,41
397,382,11101,E01011681,Leeds 063D,-1.56802,53.80446,41
88,79,10798,E01011347,Leeds 065B,-1.50789,53.80414,40
158,162,10881,E01011434,Leeds 053D,-1.51455,53.81164,40
164,156,10875,E01011428,Leeds 048C,-1.51676,53.81489,40
186,192,10911,E01011468,Leeds 112B,-1.51532,53.77587,40
220,215,10934,E01011494,Leeds 101D,-1.54488,53.74502,40
428,428,11147,E01011729,Leeds 078B,-1.60183,53.79369,40
452,457,30947,E01032607,Leeds 067J,-1.59753,53.79577,40
460,470,31277,E01033031,Leeds 064E,-1.52866,53.80726,40
258,258,10977,E01011546,Leeds 106C,-1.61176,53.73396,39
442,425,11144,E01011726,Leeds 080A,-1.6254,53.78766,39
22,21,10740,E01011284,Leeds 071A,-1.58747,53.80293,38
180,195,10914,E01011471,Leeds 092A,-1.53446,53.77016,38
205,206,10925,E01011482,Leeds 056D,-1.58521,53.80697,38
52,54,10773,E01011322,Leeds 091E,-1.5461,53.76605,37
90,84,10803,E01011352,Leeds 034C,-1.53737,53.82616,37
257,271,10990,E01011559,Leeds 018C,-1.55292,53.84762,37
402,403,11122,E01011704,Leeds 002C,-1.36973,53.92584,37
417,424,11143,E01011725,Leeds 078A,-1.61382,53.79539,37
21,2,10721,E01011265,Leeds 009A,-1.71269,53.87343,36
126,148,10867,E01011420,Leeds 069E,-1.45802,53.77998,36
194,199,10918,E01011475,Leeds 094C,-1.52958,53.75787,36
69,71,10790,E01011339,Leeds 060A,-1.48528,53.81179,35
95,80,10799,E01011348,Leeds 065C,-1.50803,53.80154,35
356,369,11088,E01011662,Leeds 040E,-1.47581,53.81885,35
463,461,31259,E01033002,Leeds 055F,-1.53981,53.80405,35
91,86,10805,E01011354,Leeds 038A,-1.55477,53.8278,34
200,217,10936,E01011497,Leeds 101E,-1.55026,53.74289,34
358,364,11083,E01011657,Leeds 035B,-1.46789,53.83016,34
376,380,11099,E01011677,Leeds 064D,-1.51861,53.80725,34
437,449,30847,E01032498,Leeds 099F,-1.55051,53.75225,34
454,456,30946,E01032606,Leeds 067I,-1.62112,53.80297,34
33,47,10766,E01011315,Leeds 090A,-1.56569,53.77018,33
103,100,10819,E01011370,Leeds 082D,-1.56421,53.77652,33
146,143,10862,E01011415,Leeds 069B,-1.46976,53.80011,33
466,451,30849,E01032500,Leeds 067H,-1.59748,53.79889,33
49,49,10768,E01011317,Leeds 090B,-1.57763,53.76798,32
168,159,10878,E01011431,Leeds 047D,-1.50052,53.81294,32
223,207,10926,E01011483,Leeds 056E,-1.57917,53.80524,32
253,270,10989,E01011558,Leeds 018B,-1.5399,53.84872,32
450,466,31264,E01033013,Leeds 082E,-1.56015,53.78905,32
138,139,10858,E01011411,Leeds 073A,-1.43218,53.7907,31
148,136,10855,E01011408,Leeds 057C,-1.44805,53.8032,31
328,334,11053,E01011625,Leeds 075C,-1.51184,53.78975,31
448,469,31267,E01033021,Leeds 075E,-1.52227,53.79537,31
70,67,10786,E01011335,Leeds 052C,-1.64989,53.80874,30
86,78,10797,E01011346,Leeds 060D,-1.48703,53.80566,30
108,105,10824,E01011375,Leeds 086D,-1.55331,53.77392,30
229,239,10958,E01011523,Leeds 096C,-1.6408,53.75223,30
73,58,10777,E01011326,Leeds 046C,-1.62482,53.81807,29
79,89,10808,E01011357,Leeds 038C,-1.54041,53.81556,29
169,150,10869,E01011422,Leeds 048A,-1.51771,53.81708,29
211,214,10933,E01011493,Leeds 101C,-1.55986,53.74491,29
321,318,11037,E01011608,Leeds 068A,-1.63501,53.8008,29
342,330,11049,E01011621,Leeds 070D,-1.49829,53.78584,29
408,422,11141,E01011723,Leeds 041C,-1.44415,53.82061,29
439,436,11155,E01011737,Leeds 083C,-1.6051,53.78292,29
13,24,10743,E01011292,Leeds 071B,-1.59183,53.79603,28
19,20,10739,E01011283,Leeds 059C,-1.60997,53.80599,28
59,65,10784,E01011333,Leeds 051D,-1.64775,53.81218,28
67,72,10791,E01011340,Leeds 060B,-1.50035,53.80499,28
81,92,10811,E01011360,Leeds 042D,-1.53344,53.81467,28
96,81,10800,E01011349,Leeds 065D,-1.5166,53.80321,28
111,103,10822,E01011373,Leeds 085C,-1.55307,53.7781,28
166,160,10879,E01011432,Leeds 053B,-1.51076,53.81197,28
380,394,11113,E01011695,Leeds 019D,-1.60608,53.84615,28
410,421,11140,E01011722,Leeds 041B,-1.43434,53.82093,28
432,429,11148,E01011730,Leeds 078C,-1.61263,53.78991,28
483,488,33049,E01035054,Leeds 112F,-1.53237,53.7882,28
50,56,10775,E01011324,Leeds 046A,-1.61297,53.81826,27
92,75,10794,E01011343,Leeds 061B,-1.46968,53.80834,27
270,264,10983,E01011552,Leeds 107D,-1.5612,53.72548,27
390,385,11104,E01011686,Leeds 033E,-1.61152,53.83917,27
392,399,11118,E01011700,Leeds 002B,-1.37313,53.93646,27
414,420,11139,E01011721,Leeds 041A,-1.44426,53.82562,27
425,438,11157,E01011739,Leeds 080D,-1.62063,53.79838,27
85,98,10817,E01011368,Leeds 082C,-1.55922,53.78302,26
230,246,10965,E01011530,Leeds 106A,-1.6214,53.74415,26
303,305,11024,E01011595,Leeds 066B,-1.68795,53.80802,26
315,306,11025,E01011596,Leeds 062D,-1.66659,53.8088,26
359,367,11086,E01011660,Leeds 040D,-1.47462,53.82129,26
453,454,30852,E01032503,Leeds 007E,-1.64244,53.87508,26
51,74,10793,E01011342,Leeds 060C,-1.49469,53.80696,25
55,61,10780,E01011329,Leeds 051B,-1.63893,53.81465,25
72,64,10783,E01011332,Leeds 046D,-1.61959,53.81421,25
154,158,10877,E01011430,Leeds 053A,-1.51093,53.81464,25
217,205,10924,E01011481,Leeds 056C,-1.57615,53.80716,25
310,307,11026,E01011597,Leeds 066C,-1.697,53.80349,25
369,363,11082,E01011656,Leeds 035A,-1.47393,53.83081,25
378,377,11096,E01011670,Leeds 055A,-1.54881,53.81412,25
384,376,11095,E01011669,Leeds 110F,-1.55052,53.8175,25
413,419,11138,E01011720,Leeds 029E,-1.45583,53.82617,25
431,444,30842,E01032492,Leeds 102I,-1.5951,53.74527,25
447,433,11152,E01011734,Leeds 083A,-1.60205,53.77528,25
479,477,33038,E01035043,Leeds 055J,-1.5484,53.8072,25
127,149,10868,E01011421,Leeds 040A,-1.49157,53.82042,24
155,164,10883,E01011440,Leeds 044D,-1.57719,53.81913,24
173,151,10870,E01011423,Leeds 047A,-1.49086,53.8167,24
181,194,10913,E01011470,Leeds 112C,-1.51259,53.76842,24
324,325,11044,E01011615,Leeds 070A,-1.5036,53.79737,24
334,328,11047,E01011618,Leeds 070C,-1.50934,53.79682,24
345,347,11066,E01011639,Leeds 100E,-1.47767,53.76157,24
349,372,11091,E01011665,Leeds 050C,-1.46071,53.81265,24
423,431,11150,E01011732,Leeds 081C,-1.59086,53.78953,24
457,467,31265,E01033015,Leeds 111D,-1.55506,53.79407,24
27,27,10746,E01011295,Leeds 059E,-1.61682,53.81065,23
43,36,10755,E01011304,Leeds 089C,-1.37047,53.76624,23
65,69,10788,E01011337,Leeds 058D,-1.64073,53.80861,23
152,168,10887,E01011444,Leeds 110C,-1.56547,53.812,23
163,157,10876,E01011429,Leeds 048D,-1.52143,53.81387,23
203,201,10920,E01011477,Leeds 045A,-1.59649,53.81525,23
302,316,11035,E01011606,Leeds 076D,-1.69785,53.79037,23
320,300,11019,E01011590,Leeds 039C,-1.69391,53.81876,23
421,417,11136,E01011718,Leeds 029D,-1.45254,53.83003,23
5,10,10729,E01011273,Leeds 010B,-1.69584,53.86693,22
101,104,10823,E01011374,Leeds 085D,-1.54096,53.77782,22
159,171,10890,E01011447,Leeds 054C,-1.57494,53.81034,22
182,190,10909,E01011466,Leeds 094A,-1.52762,53.75344,22
215,213,10932,E01011492,Leeds 101B,-1.54235,53.74652,22
234,248,10967,E01011532,Leeds 095E,-1.61035,53.75189,22
318,319,11038,E01011609,Leeds 068B,-1.64853,53.802,22
329,343,11062,E01011635,Leeds 097B,-1.45222,53.74404,22
365,370,11089,E01011663,Leeds 050A,-1.46578,53.81463,22
371,374,11093,E01011667,Leeds 050D,-1.47294,53.81127,22
475,476,33037,E01035042,Leeds 055I,-1.55972,53.81234,22
3,23,10742,E01011287,Leeds 067B,-1.6342,53.80381,21
106,109,10828,E01011379,Leeds 017A,-1.61135,53.85383,21
224,234,10953,E01011518,Leeds 093A,-1.58574,53.76319,21
282,292,11011,E01011582,Leeds 003B,-1.71384,53.91019,21
441,437,11156,E01011738,Leeds 083D,-1.62068,53.77886,21
445,447,30845,E01032496,Leeds 105F,-1.50828,53.73742,21
23,4,10723,E01011267,Leeds 009B,-1.70276,53.87407,20
62,52,10771,E01011320,Leeds 091D,-1.55927,53.76562,20
336,344,11063,E01011636,Leeds 100D,-1.47274,53.73849,20
340,326,11045,E01011616,Leeds 072A,-1.47887,53.79713,20
435,432,11151,E01011733,Leeds 081D,-1.58653,53.78686,20
470,453,30851,E01032502,Leeds 017F,-1.62371,53.84541,20
472,458,30948,E01032608,Leeds 067K,-1.60308,53.79893,20
478,478,33039,E01035044,Leeds 063F,-1.55875,53.80801,20
9,22,10741,E01011286,Leeds 059D,-1.61833,53.8067,19
80,88,10807,E01011356,Leeds 042A,-1.53175,53.8233,19
113,108,10827,E01011378,Leeds 013C,-1.60941,53.86003,19
165,155,10874,E01011427,Leeds 047C,-1.50673,53.81518,19
190,187,10906,E01011463,Leeds 028D,-1.62599,53.83679,19
201,220,10939,E01011504,Leeds 032A,-1.52917,53.83401,19
212,200,10919,E01011476,Leeds 094D,-1.52333,53.75632,19
245,235,10954,E01011519,Leeds 095A,-1.62811,53.76275,19
316,312,11031,E01011602,Leeds 076A,-1.67175,53.79419,19
373,366,11085,E01011659,Leeds 035C,-1.46532,53.82272,19
427,441,30839,E01032489,Leeds 102F,-1.59286,53.74828,19
24,19,10738,E01011282,Leeds 059B,-1.62274,53.80957,18
35,45,10764,E01011313,Leeds 091A,-1.5602,53.7713,18
63,66,10785,E01011334,Leeds 058B,-1.63613,53.80736,18
115,113,10832,E01011383,Leeds 019A,-1.59965,53.85168,18
161,172,10891,E01011448,Leeds 054D,-1.56815,53.80918,18
162,163,10882,E01011435,Leeds 044A,-1.58279,53.82032,18
176,188,10907,E01011464,Leeds 028E,-1.62098,53.83458,18
232,226,10945,E01011510,Leeds 025D,-1.54373,53.84504,18
239,229,10948,E01011513,Leeds 031A,-1.56563,53.83918,18
268,259,10978,E01011547,Leeds 104D,-1.59515,53.73701,18
272,250,10969,E01011534,Leeds 106B,-1.61879,53.73582,18
355,352,11071,E01011645,Leeds 032D,-1.50638,53.82532,18
366,371,11090,E01011664,Leeds 050B,-1.46732,53.81729,18
389,378,11097,E01011671,Leeds 055B,-1.54207,53.81026,18
477,481,33042,E01035047,Leeds 082H,-1.55166,53.78797,18
57,63,10782,E01011331,Leeds 058A,-1.63079,53.81133,17
102,120,10839,E01011392,Leeds 087C,-1.39847,53.76085,17
174,198,10917,E01011474,Leeds 092D,-1.52405,53.76391,17
225,245,10964,E01011529,Leeds 096E,-1.65067,53.75104,17
362,357,11076,E01011650,Leeds 020A,-1.49266,53.84331,17
456,462,31260,E01033003,Leeds 055G,-1.53491,53.8051,17
28,30,10749,E01011298,Leeds 088A,-1.33478,53.78941,16
66,62,10781,E01011330,Leeds 051C,-1.6433,53.81863,16
99,77,10796,E01011345,Leeds 061C,-1.45625,53.80558,16
122,124,10843,E01011396,Leeds 074A,-1.38948,53.7975,16
129,142,10861,E01011414,Leeds 073B,-1.44715,53.79744,16
149,169,10888,E01011445,Leeds 054A,-1.57011,53.81234,16
170,170,10889,E01011446,Leeds 054B,-1.57419,53.8128,16
171,154,10873,E01011426,Leeds 048B,-1.52227,53.81669,16
178,193,10912,E01011469,Leeds 094B,-1.51524,53.76259,16
191,178,10897,E01011454,Leeds 027B,-1.64379,53.83133,16
193,197,10916,E01011473,Leeds 092C,-1.5344,53.76447,16
206,210,10929,E01011488,Leeds 045C,-1.60483,53.8198,16
236,249,10968,E01011533,Leeds 104A,-1.60052,53.74929,16
263,255,10974,E01011540,Leeds 102B,-1.5766,53.744,16
280,281,11000,E01011569,Leeds 004A,-1.66292,53.90111,16
332,342,11061,E01011634,Leeds 100C,-1.49076,53.74704,16
339,336,11055,E01011627,Leeds 098A,-1.47099,53.75057,16
344,333,11052,E01011624,Leeds 072D,-1.48293,53.77354,16
379,392,11111,E01011693,Leeds 109E,-1.56903,53.82608,16
471,460,31211,E01032946,Leeds 110G,-1.56856,53.81798,16
16,12,10731,E01011275,Leeds 010D,-1.69611,53.86381,15
37,31,10750,E01011299,Leeds 088B,-1.33197,53.75828,15
68,70,10789,E01011338,Leeds 064A,-1.52211,53.79936,15
76,91,10810,E01011359,Leeds 042C,-1.52096,53.82065,15
78,87,10806,E01011355,Leeds 038B,-1.55228,53.82405,15
87,82,10801,E01011350,Leeds 034A,-1.54297,53.8292,15
110,117,10836,E01011388,Leeds 019B,-1.61378,53.84682,15
123,119,10838,E01011391,Leeds 087B,-1.42445,53.76936,15
131,130,10849,E01011402,Leeds 087D,-1.41861,53.75657,15
299,324,11043,E01011614,Leeds 068E,-1.64734,53.79586,15
305,311,11030,E01011601,Leeds 079B,-1.64852,53.78641,15
327,332,11051,E01011623,Leeds 075B,-1.51443,53.79532,15
398,390,11109,E01011691,Leeds 031D,-1.56371,53.82725,15
406,423,11142,E01011724,Leeds 041D,-1.44911,53.81844,15
464,450,30848,E01032499,Leeds 067G,-1.60861,53.80076,15
11,11,10730,E01011274,Leeds 010C,-1.68589,53.86258,14
36,39,10758,E01011307,Leeds 103A,-1.36798,53.75097,14
60,55,10774,E01011323,Leeds 051A,-1.62981,53.81535,14
114,110,10829,E01011380,Leeds 016A,-1.58489,53.85526,14
142,146,10865,E01011418,Leeds 073C,-1.44066,53.79292,14
153,153,10872,E01011425,Leeds 040B,-1.48552,53.82067,14
172,165,10884,E01011441,Leeds 044E,-1.57954,53.81533,14
197,183,10902,E01011459,Leeds 021C,-1.63747,53.84121,14
204,202,10921,E01011478,Leeds 056A,-1.58509,53.81182,14
243,227,10946,E01011511,Leeds 023B,-1.52661,53.84242,14
249,272,10991,E01011560,Leeds 018D,-1.56213,53.84628,14
266,262,10981,E01011550,Leeds 106E,-1.58751,53.73054,14
298,296,11015,E01011586,Leeds 066A,-1.69913,53.79871,14
377,375,11094,E01011668,Leeds 110E,-1.55698,53.8173,14
412,416,11135,E01011717,Leeds 029C,-1.46233,53.83477,14
459,455,30853,E01032504,Leeds 007F,-1.6023,53.8778,14
1,6,10725,E01011269,Leeds 011B,-1.67412,53.87003,13
6,15,10734,E01011278,Leeds 014B,-1.68669,53.85682,13
47,46,10765,E01011314,Leeds 091B,-1.55871,53.77446,13
58,53,10772,E01011321,Leeds 090D,-1.56994,53.76199,13
94,85,10804,E01011353,Leeds 034D,-1.52675,53.82609,13
134,137,10856,E01011409,Leeds 057D,-1.44492,53.80787,13
183,196,10915,E01011472,Leeds 092B,-1.52695,53.769,13
240,228,10947,E01011512,Leeds 023C,-1.53345,53.84399,13
311,308,11027,E01011598,Leeds 062E,-1.67209,53.80864,13
325,345,11064,E01011637,Leeds 097C,-1.44133,53.75702,13
331,341,11060,E01011633,Leeds 098E,-1.48176,53.74615,13
351,351,11070,E01011644,Leeds 037B,-1.48986,53.82896,13
357,350,11069,E01011643,Leeds 037A,-1.49784,53.82715,13
363,365,11084,E01011658,Leeds 040C,-1.48119,53.82614,13
393,389,11108,E01011690,Leeds 109C,-1.58244,53.82921,13
455,472,31279,E01033034,Leeds 075G,-1.5296,53.79263,13
54,59,10778,E01011327,Leeds 052A,-1.65408,53.81823,12
144,129,10848,E01011401,Leeds 077C,-1.37516,53.78816,12
156,152,10871,E01011424,Leeds 047B,-1.50204,53.81638,12
160,173,10892,E01011449,Leeds 054E,-1.57119,53.80919,12
196,189,10908,E01011465,Leeds 027E,-1.64296,53.83459,12
231,241,10960,E01011525,Leeds 095C,-1.60314,53.75094,12
238,237,10956,E01011521,Leeds 096B,-1.66147,53.75964,12
265,260,10979,E01011548,Leeds 106D,-1.59585,53.72381,12
271,253,10972,E01011537,Leeds 107A,-1.54222,53.71968,12
273,266,10985,E01011554,Leeds 012A,-1.55873,53.87032,12
289,298,11017,E01011588,Leeds 039A,-1.67998,53.81995,12
292,287,11006,E01011576,Leeds 007C,-1.59073,53.89593,12
301,302,11021,E01011592,Leeds 039D,-1.67304,53.81556,12
338,329,11048,E01011620,Leeds 072B,-1.47706,53.79251,12
346,338,11057,E01011629,Leeds 098C,-1.47975,53.75218,12
361,360,11079,E01011653,Leeds 020C,-1.50955,53.84336,12
396,396,11115,E01011697,Leeds 002A,-1.33051,53.92049,12
433,446,30844,E01032494,Leeds 033G,-1.62073,53.82875,12
440,440,30838,E01032488,Leeds 097G,-1.45903,53.75319,12
444,442,30840,E01032490,Leeds 102G,-1.58721,53.74297,12
12,5,10724,E01011268,Leeds 010A,-1.6939,53.87324,11
20,3,10722,E01011266,Leeds 008A,-1.73545,53.87945,11
53,51,10770,E01011319,Leeds 091C,-1.55589,53.76778,11
61,60,10779,E01011328,Leeds 052B,-1.65726,53.81291,11
83,90,10809,E01011358,Leeds 042B,-1.54069,53.8222,11
116,114,10833,E01011384,Leeds 017B,-1.61956,53.85239,11
133,128,10847,E01011400,Leeds 074C,-1.38057,53.79516,11
157,167,10886,E01011443,Leeds 110B,-1.56453,53.81455,11
202,221,10940,E01011505,Leeds 025A,-1.55553,53.8411,11
208,209,10928,E01011485,Leeds 033B,-1.60799,53.82508,11
216,204,10923,E01011480,Leeds 045B,-1.58983,53.81334,11
227,233,10952,E01011517,Leeds 024B,-1.52045,53.83743,11
246,230,10949,E01011514,Leeds 025E,-1.54032,53.84231,11
262,252,10971,E01011536,Leeds 108B,-1.56168,53.71178,11
264,263,10982,E01011551,Leeds 107C,-1.52966,53.72628,11
350,362,11081,E01011655,Leeds 020D,-1.50776,53.83742,11
372,354,11073,E01011647,Leeds 037D,-1.5104,53.82187,11
416,415,11134,E01011716,Leeds 029B,-1.46987,53.83901,11
438,426,11145,E01011727,Leeds 080B,-1.6344,53.79507,11
474,475,33036,E01035041,Leeds 044H,-1.58566,53.81743,11
482,487,33048,E01035053,Leeds 105J,-1.51627,53.73171,11
29,29,10748,E01011297,Leeds 030B,-1.34731,53.81173,10
32,40,10759,E01011308,Leeds 103B,-1.38225,53.75727,10
39,34,10753,E01011302,Leeds 088C,-1.36127,53.77608,10
42,32,10751,E01011300,Leeds 089A,-1.38002,53.77677,10
100,111,10830,E01011381,Leeds 016B,-1.59767,53.86397,10
119,118,10837,E01011390,Leeds 087A,-1.41504,53.76731,10
188,176,10895,E01011452,Leeds 027A,-1.65508,53.83171,10
192,175,10894,E01011451,Leeds 110D,-1.57299,53.82186,10
199,219,10938,E01011502,Leeds 099C,-1.5183,53.75216,10
256,268,10987,E01011556,Leeds 015A,-1.52588,53.85195,10
279,286,11005,E01011574,Leeds 004E,-1.69748,53.90336,10
287,280,10999,E01011568,Leeds 015E,-1.51747,53.8537,10
297,288,11007,E01011578,Leeds 011D,-1.67132,53.86677,10
307,317,11036,E01011607,Leeds 079D,-1.65731,53.78709,10
333,348,11067,E01011641,Leeds 032B,-1.50963,53.82998,10
368,355,11074,E01011648,Leeds 037E,-1.50053,53.82089,10
386,388,11107,E01011689,Leeds 031C,-1.57041,53.83189,10
387,383,11102,E01011684,Leeds 019C,-1.59798,53.84254,10
391,384,11103,E01011685,Leeds 109A,-1.59541,53.82965,10
394,391,11110,E01011692,Leeds 109D,-1.5745,53.82768,10
405,410,11129,E01011711,Leeds 005D,-1.33712,53.901,10
420,408,11127,E01011709,Leeds 005B,-1.35091,53.90121,10
465,474,33035,E01035040,Leeds 044G,-1.58684,53.82068,10
44,42,10761,E01011310,Leeds 030D,-1.41964,53.85964,9
56,57,10776,E01011325,Leeds 046B,-1.62949,53.82233,9
104,116,10835,E01011386,Leeds 016D,-1.58991,53.85131,9
145,133,10852,E01011405,Leeds 077E,-1.38273,53.78523,9
189,186,10905,E01011462,Leeds 028C,-1.63425,53.83644,9
195,179,10898,E01011455,Leeds 021A,-1.65317,53.84919,9
207,218,10937,E01011500,Leeds 105D,-1.4942,53.72822,9
210,222,10941,E01011506,Leeds 025B,-1.54617,53.83579,9
241,225,10944,E01011509,Leeds 023A,-1.52871,53.84652,9
242,244,10963,E01011528,Leeds 095D,-1.606,53.75567,9
248,231,10950,E01011515,Leeds 023D,-1.53919,53.83826,9
308,301,11020,E01011591,Leeds 052D,-1.65995,53.82122,9
330,327,11046,E01011617,Leeds 070B,-1.49705,53.79897,9
337,339,11058,E01011630,Leeds 100B,-1.4949,53.75421,9
343,340,11059,E01011632,Leeds 098D,-1.48786,53.75319,9
383,387,11106,E01011688,Leeds 031B,-1.55833,53.83109,9
415,411,11130,E01011712,Leeds 005E,-1.36488,53.87938,9
468,459,31162,E01032876,Leeds 109G,-1.57957,53.83706,9
480,483,33044,E01035049,Leeds 099H,-1.52149,53.74584,9
486,486,33047,E01035052,Leeds 105I,-1.53134,53.73427,9
10,16,10735,E01011279,Leeds 008C,-1.70666,53.88515,8
26,28,10747,E01011296,Leeds 030A,-1.39296,53.81406,8
132,131,10850,E01011403,Leeds 074D,-1.38082,53.79054,8
150,174,10893,E01011450,Leeds 038D,-1.56303,53.82321,8
218,211,10930,E01011489,Leeds 045D,-1.59609,53.82044,8
221,203,10922,E01011479,Leeds 056B,-1.58221,53.81268,8
235,232,10951,E01011516,Leeds 023E,-1.53336,53.83708,8
261,274,10993,E01011562,Leeds 012B,-1.51832,53.86143,8
276,299,11018,E01011589,Leeds 039B,-1.67918,53.83063,8
277,291,11010,E01011581,Leeds 003A,-1.70697,53.91565,8
281,283,11002,E01011571,Leeds 004B,-1.70117,53.89863,8
347,349,11068,E01011642,Leeds 032C,-1.51573,53.82504,8
352,373,11092,E01011666,Leeds 061D,-1.45944,53.81006,8
382,393,11112,E01011694,Leeds 109F,-1.58408,53.82479,8
403,413,11132,E01011714,Leeds 029A,-1.46138,53.84098,8
485,479,33040,E01035045,Leeds 063G,-1.56149,53.80482,8
14,13,10732,E01011276,Leeds 011C,-1.68259,53.86383,7
15,14,10733,E01011277,Leeds 014A,-1.69698,53.85962,7
30,41,10760,E01011309,Leeds 030C,-1.37086,53.85143,7
112,106,10825,E01011376,Leeds 013A,-1.62506,53.86515,7
128,138,10857,E01011410,Leeds 057E,-1.41702,53.81025,7
139,144,10863,E01011416,Leeds 069C,-1.45548,53.79772,7
151,166,10885,E01011442,Leeds 110A,-1.57321,53.81524,7
177,177,10896,E01011453,Leeds 028A,-1.62964,53.83116,7
187,181,10900,E01011457,Leeds 027C,-1.68771,53.844,7
267,269,10988,E01011557,Leeds 015B,-1.53139,53.85405,7
275,282,11001,E01011570,Leeds 007A,-1.63735,53.89767,7
278,278,10997,E01011566,Leeds 015D,-1.50683,53.85581,7
317,303,11022,E01011593,Leeds 039E,-1.66531,53.81728,7
385,386,11105,E01011687,Leeds 109B,-1.59932,53.83688,7
388,395,11114,E01011696,Leeds 006B,-1.40381,53.89938,7
484,484,33045,E01035050,Leeds 105G,-1.54344,53.73664,7
17,1,10720,E01011264,Leeds 011A,-1.68306,53.87232,6
38,33,10752,E01011301,Leeds 089B,-1.37314,53.77303,6
45,43,10762,E01011311,Leeds 022A,-1.44915,53.85741,6
124,132,10851,E01011404,Leeds 077D,-1.36488,53.78551,6
147,125,10844,E01011397,Leeds 077A,-1.37226,53.79423,6
175,184,10903,E01011460,Leeds 028B,-1.63032,53.842,6
185,185,10904,E01011461,Leeds 021D,-1.65667,53.84103,6
219,216,10935,E01011496,Leeds 100A,-1.50863,53.75235,6
247,238,10957,E01011522,Leeds 095B,-1.61864,53.75741,6
251,273,10992,E01011561,Leeds 006A,-1.51355,53.88529,6
255,265,10984,E01011553,Leeds 108D,-1.57001,53.73161,6
284,275,10994,E01011563,Leeds 012C,-1.54326,53.8631,6
288,295,11014,E01011585,Leeds 062A,-1.67247,53.8002,6
290,277,10996,E01011565,Leeds 015C,-1.5353,53.85762,6
309,304,11023,E01011594,Leeds 062C,-1.67871,53.81116,6
312,313,11032,E01011603,Leeds 076B,-1.67019,53.78572,6
313,323,11042,E01011613,Leeds 076E,-1.6853,53.79602,6
323,309,11028,E01011599,Leeds 066D,-1.68299,53.80146,6
360,359,11078,E01011652,Leeds 024C,-1.51407,53.84522,6
436,427,11146,E01011728,Leeds 080C,-1.63605,53.77951,6
443,443,30841,E01032491,Leeds 102H,-1.58528,53.73724,6
458,471,31278,E01033033,Leeds 075F,-1.53074,53.79551,6
34,38,10757,E01011306,Leeds 089E,-1.38311,53.76772,5
40,35,10754,E01011303,Leeds 088D,-1.3619,53.76005,5
89,83,10802,E01011351,Leeds 034B,-1.53305,53.83155,5
105,121,10840,E01011393,Leeds 103C,-1.40812,53.73696,5
141,127,10846,E01011399,Leeds 074B,-1.40186,53.79348,5
143,145,10864,E01011417,Leeds 069D,-1.46473,53.79633,5
198,182,10901,E01011458,Leeds 027D,-1.66423,53.84054,5
228,243,10962,E01011527,Leeds 096D,-1.666,53.75165,5
233,242,10961,E01011526,Leeds 093C,-1.59827,53.75802,5
250,261,10980,E01011549,Leeds 108C,-1.57357,53.72876,5
260,267,10986,E01011555,Leeds 018A,-1.54679,53.85394,5
291,289,11008,E01011579,Leeds 014C,-1.67882,53.8561,5
353,356,11075,E01011649,Leeds 022B,-1.47744,53.85098,5
364,353,11072,E01011646,Leeds 037C,-1.49284,53.82339,5
367,358,11077,E01011651,Leeds 020B,-1.50931,53.84912,5
375,398,11117,E01011699,Leeds 001B,-1.39727,53.94004,5
400,404,11123,E01011705,Leeds 002D,-1.37863,53.92878,5
401,402,11121,E01011703,Leeds 001E,-1.40435,53.93098,5
418,406,11125,E01011707,Leeds 005A,-1.36731,53.90436,5
430,445,30843,E01032493,Leeds 033F,-1.61553,53.82578,5
4,7,10726,E01011270,Leeds 008B,-1.76151,53.87621,4
117,122,10841,E01011394,Leeds 103D,-1.38172,53.73881,4
135,134,10853,E01011406,Leeds 057A,-1.44953,53.81189,4
136,135,10854,E01011407,Leeds 057B,-1.44194,53.81384,4
252,257,10976,E01011545,Leeds 104C,-1.60718,53.73944,4
259,251,10970,E01011535,Leeds 108A,-1.57445,53.71996,4
283,290,11009,E01011580,Leeds 014D,-1.67086,53.85751,4
293,285,11004,E01011573,Leeds 004D,-1.72103,53.9009,4
295,294,11013,E01011584,Leeds 003D,-1.69052,53.91051,4
304,320,11039,E01011610,Leeds 068C,-1.65562,53.80009,4
306,314,11033,E01011604,Leeds 079C,-1.66329,53.79036,4
314,310,11029,E01011600,Leeds 079A,-1.65875,53.7927,4
348,346,11065,E01011638,Leeds 097D,-1.4486,53.75784,4
370,361,11080,E01011654,Leeds 024D,-1.51502,53.8379,4
374,397,11116,E01011698,Leeds 001A,-1.3899,53.93786,4
419,412,11131,E01011713,Leeds 006E,-1.44263,53.87976,4
422,409,11128,E01011710,Leeds 005C,-1.35259,53.88964,4
424,435,11154,E01011736,Leeds 083B,-1.59261,53.78427,4
467,452,30850,E01032501,Leeds 017E,-1.62608,53.84932,4
481,485,33046,E01035051,Leeds 105H,-1.52641,53.74003,4
118,115,10834,E01011385,Leeds 016C,-1.57532,53.84867,3
125,141,10860,E01011413,Leeds 069A,-1.46234,53.8016,3
184,180,10899,E01011456,Leeds 021B,-1.63908,53.85017,3
244,240,10959,E01011524,Leeds 093B,-1.59029,53.75949,3
285,284,11003,E01011572,Leeds 004C,-1.68052,53.90405,3
286,293,11012,E01011583,Leeds 003C,-1.69523,53.91435,3
294,279,10998,E01011567,Leeds 012E,-1.55741,53.85485,3
326,337,11056,E01011628,Leeds 098B,-1.47663,53.7553,3
399,414,11133,E01011715,Leeds 022C,-1.4247,53.83642,3
409,418,11137,E01011719,Leeds 022D,-1.41608,53.82373,3
411,401,11120,E01011702,Leeds 001D,-1.40615,53.92223,3
426,439,30837,E01032487,Leeds 097F,-1.453,53.75273,3
476,480,33041,E01035046,Leeds 082G,-1.54737,53.78896,3
7,17,10736,E01011280,Leeds 008D,-1.71914,53.883,2
18,8,10727,E01011271,Leeds 009C,-1.71699,53.87004,2
46,37,10756,E01011305,Leeds 089D,-1.37559,53.76365,2
107,123,10842,E01011395,Leeds 103E,-1.40024,53.7293,2
130,126,10845,E01011398,Leeds 077B,-1.36853,53.79733,2
137,147,10866,E01011419,Leeds 073D,-1.44835,53.78946,2
140,140,10859,E01011412,Leeds 057F,-1.43663,53.80363,2
214,224,10943,E01011508,Leeds 024A,-1.52,53.84263,2
300,315,11034,E01011605,Leeds 076C,-1.68082,53.79085,2
407,405,11124,E01011706,Leeds 006C,-1.4145,53.91415,2
434,430,11149,E01011731,Leeds 081B,-1.60091,53.78867,2
2,9,10728,E01011272,Leeds 009D,-1.7076,53.86617,1
121,107,10826,E01011377,Leeds 013B,-1.61746,53.85923,1
209,223,10942,E01011507,Leeds 025C,-1.54879,53.83175,1
226,236,10955,E01011520,Leeds 096A,-1.63936,53.76149,1
296,276,10995,E01011564,Leeds 012D,-1.55897,53.85966,1
404,407,11126,E01011708,Leeds 006D,-1.46499,53.90039,1
